record_id,entity_name,fo_type,fo_type_evidence,confidence_score,discovery_source,discovery_note,street_address,city,state_region,country,aum_usd_value,aum_usd_status,aum_usd_source,aum_usd_method,aum_as_of,principal_first_name,principal_last_name,principal_title,principal_linkedin,principal_email_value,principal_email_status,principal_email_source,principal_email_method,principal_phone_value,principal_phone_status,principal_phone_source,principal_phone_method,website,corporate_linkedin,domain,investment_thesis,investing_sectors,description,recent_activity
990pf-CA-873374164-853a6434,Gary And Mary West Charitable Trust,single_family_office,"Cross-channel surname match: 'West' appears in both 990-PF (IRS private foundation filing, family surname in name) and SEC 13F filer name. Two independent sources: IRS (family foundation) + SEC (investment management entity). Foundation assets: $333.4M.",0.9,990pf,"Cross-channel surname match: 'West' appears in both 990-PF (IRS private foundation filing, family surname in name) and SEC 13F filer name. Two independent sources: IRS (family foundation) + SEC (investment management entity). Foundation assets: $333.4M.",10350 N TORREY PINES RD,La Jolla,CA,United States,333413300,verified,"IRS Form 990-PF, Part I (revenue/assets summary)",ProPublica /organizations/{ein}.json financial summary field,2026-07-28,Gary,West,Trustee,,,could_not_verify,,Not available in IRS 990-PF or SEC 13F filings; requires website scrape or LinkedIn,,could_not_verify,,Not available in IRS 990-PF or SEC 13F filings; requires website scrape or LinkedIn,,,,,,,
sec-ca-000317442-CADEN-CAPITAL-PARTNERS--LP-f77855c4,"CADEN CAPITAL PARTNERS, LP",single_family_office,"ERA-registered (SEC family office exemption, Rule 202(a)(11)(G)-1). 13F-HR filing confirms manages $324.0M in 13(f) securities. Two independent SEC filings (13F + ADV/ERA). Portfolio: 12 holdings.",0.9,sec_edgar,"ERA-registered (SEC family office exemption, Rule 202(a)(11)(G)-1). 13F-HR filing confirms manages $324.0M in 13(f) securities. Two independent SEC filings (13F + ADV/ERA). Portfolio: 12 holdings.",2912 2ND STREET,SANTA MONICA,CA,United States,323959160,verified,"SEC Form 13F-HR, INFOTABLE VALUE column sum",Aggregated across all 13F-HR filings for firm; VALUE in dollars (post-Jan 2023),2026-07-28,,,,,,could_not_verify,,Not available in IRS 990-PF or SEC 13F filings; requires website scrape or LinkedIn,,could_not_verify,,Not available in IRS 990-PF or SEC 13F filings; requires website scrape or LinkedIn,,,,,,,
990pf-CA-942967074-a921b795,Roberts Foundation,single_family_office,"Cross-channel surname match: 'Roberts' appears in both 990-PF (IRS private foundation filing, family surname in name) and SEC 13F filer name. Two independent sources: IRS (family foundation) + SEC (investment management entity). Foundation assets: $267.1M.",0.9,990pf,"Cross-channel surname match: 'Roberts' appears in both 990-PF (IRS private foundation filing, family surname in name) and SEC 13F filer name. Two independent sources: IRS (family foundation) + SEC (investment management entity). Foundation assets: $267.1M.",155 BOVET RD STE 770,San Mateo,CA,United States,267051553,verified,"IRS Form 990-PF, Part I (revenue/assets summary)",ProPublica /organizations/{ein}.json financial summary field,2026-07-28,George,Roberts,President,,,could_not_verify,,Not available in IRS 990-PF or SEC 13F filings; requires website scrape or LinkedIn,,could_not_verify,,Not available in IRS 990-PF or SEC 13F filings; requires website scrape or LinkedIn,,,,,,,
990pf-CA-943402266-cbc0477b,The Leonard And Sophie Davis Fund,single_family_office,"Cross-channel surname match: 'Davis' appears in both 990-PF (IRS private foundation filing, family surname in name) and SEC 13F filer name. Two independent sources: IRS (family foundation) + SEC (investment management entity). Foundation assets: $195.0M.",0.9,990pf,"Cross-channel surname match: 'Davis' appears in both 990-PF (IRS private foundation filing, family surname in name) and SEC 13F filer name. Two independent sources: IRS (family foundation) + SEC (investment management entity). Foundation assets: $195.0M.",68 JORDAN AVE,San Francisco,CA,United States,194971782,verified,"IRS Form 990-PF, Part I (revenue/assets summary)",ProPublica /organizations/{ein}.json financial summary field,2026-07-28,Alan,Davis,Chief Executive Officer,,,could_not_verify,,Not available in IRS 990-PF or SEC 13F filings; requires website scrape or LinkedIn,,could_not_verify,,Not available in IRS 990-PF or SEC 13F filings; requires website scrape or LinkedIn,,,,,,,
990pf-CA-470793015-78b91d4b,Gary And Mary West Foundation,single_family_office,"Cross-channel surname match: 'West' appears in both 990-PF (IRS private foundation filing, family surname in name) and SEC 13F filer name. Two independent sources: IRS (family foundation) + SEC (investment management entity). Foundation assets: $155.0M.",0.9,990pf,"Cross-channel surname match: 'West' appears in both 990-PF (IRS private foundation filing, family surname in name) and SEC 13F filer name. Two independent sources: IRS (family foundation) + SEC (investment management entity). Foundation assets: $155.0M.",10350 N TORREY PINES RD,La Jolla,CA,United States,155029230,verified,"IRS Form 990-PF, Part I (revenue/assets summary)",ProPublica /organizations/{ein}.json financial summary field,2026-07-28,Gary,West,Director,,,could_not_verify,,Not available in IRS 990-PF or SEC 13F filings; requires website scrape or LinkedIn,,could_not_verify,,Not available in IRS 990-PF or SEC 13F filings; requires website scrape or LinkedIn,,,,,,,
sec-ca-000287988-Pivotal-bioVenture-Partners-In-55f16346,Pivotal bioVenture Partners Investment Advisor LLC,single_family_office,"ERA-registered (SEC family office exemption, Rule 202(a)(11)(G)-1). 13F-HR filing confirms manages $123.6M in 13(f) securities. Two independent SEC filings (13F + ADV/ERA). Portfolio: 11 holdings.",0.9,sec_edgar,"ERA-registered (SEC family office exemption, Rule 202(a)(11)(G)-1). 13F-HR filing confirms manages $123.6M in 13(f) securities. Two independent SEC filings (13F + ADV/ERA). Portfolio: 11 holdings.","501 2ND ST, SUITE 200",SAN FRANCISCO,CA,United States,123562016,verified,"SEC Form 13F-HR, INFOTABLE VALUE column sum",Aggregated across all 13F-HR filings for firm; VALUE in dollars (post-Jan 2023),2026-07-28,,,,,,could_not_verify,,Not available in IRS 990-PF or SEC 13F filings; requires website scrape or LinkedIn,,could_not_verify,,Not available in IRS 990-PF or SEC 13F filings; requires website scrape or LinkedIn,,,,,,,
sec-ca-000156280-Norwood-Investment-Partners--L-43b4ae5d,"Norwood Investment Partners, LP",single_family_office,"ERA-registered (SEC family office exemption, Rule 202(a)(11)(G)-1). 13F-HR filing confirms manages $112.1M in 13(f) securities. Two independent SEC filings (13F + ADV/ERA). Portfolio: 14 holdings.",0.9,sec_edgar,"ERA-registered (SEC family office exemption, Rule 202(a)(11)(G)-1). 13F-HR filing confirms manages $112.1M in 13(f) securities. Two independent SEC filings (13F + ADV/ERA). Portfolio: 14 holdings.",157 THROCKMORTON AVENUE,MILL VALLEY,CA,United States,112063072,verified,"SEC Form 13F-HR, INFOTABLE VALUE column sum",Aggregated across all 13F-HR filings for firm; VALUE in dollars (post-Jan 2023),2026-07-28,,,,,,could_not_verify,,Not available in IRS 990-PF or SEC 13F filings; requires website scrape or LinkedIn,,could_not_verify,,Not available in IRS 990-PF or SEC 13F filings; requires website scrape or LinkedIn,,,,,,,
sec-ca-000287764-KIDS-CAPITAL-MANAGEMENT--L-P--d83519b2,"KIDS CAPITAL MANAGEMENT, L.P.",single_family_office,"ERA-registered (SEC family office exemption, Rule 202(a)(11)(G)-1). 13F-HR filing confirms manages $98.5M in 13(f) securities. Two independent SEC filings (13F + ADV/ERA). Portfolio: 12 holdings.",0.9,sec_edgar,"ERA-registered (SEC family office exemption, Rule 202(a)(11)(G)-1). 13F-HR filing confirms manages $98.5M in 13(f) securities. Two independent SEC filings (13F + ADV/ERA). Portfolio: 12 holdings.",1801 CENTURY PARK EAST,LOS ANGELES,CA,United States,98488655,verified,"SEC Form 13F-HR, INFOTABLE VALUE column sum",Aggregated across all 13F-HR filings for firm; VALUE in dollars (post-Jan 2023),2026-07-28,,,,,,could_not_verify,,Not available in IRS 990-PF or SEC 13F filings; requires website scrape or LinkedIn,,could_not_verify,,Not available in IRS 990-PF or SEC 13F filings; requires website scrape or LinkedIn,,,,,,,
990pf-CA-956979804-6c705281,Camilla Chandler Family Foundation 11-10-1994,single_family_office,"Cross-channel surname match: 'Chandler' appears in both 990-PF (IRS private foundation filing, family surname in name) and SEC 13F filer name. Two independent sources: IRS (family foundation) + SEC (investment management entity). Foundation assets: $24.6M.",0.9,990pf,"Cross-channel surname match: 'Chandler' appears in both 990-PF (IRS private foundation filing, family surname in name) and SEC 13F filer name. Two independent sources: IRS (family foundation) + SEC (investment management entity). Foundation assets: $24.6M.",10250 CONSTELLATION BLVD STE 1400,Los Angeles,CA,United States,24645421,verified,"IRS Form 990-PF, Part I (revenue/assets summary)",ProPublica /organizations/{ein}.json financial summary field,2026-07-28,William,Stinehart,Trustee,,,could_not_verify,,Not available in IRS 990-PF or SEC 13F filings; requires website scrape or LinkedIn,,could_not_verify,,Not available in IRS 990-PF or SEC 13F filings; requires website scrape or LinkedIn,,,,,,,
990pf-CA-261469601-52d07d60,Harrington Family Foundation,single_family_office,"Cross-channel surname match: 'Harrington' appears in both 990-PF (IRS private foundation filing, family surname in name) and SEC 13F filer name. Two independent sources: IRS (family foundation) + SEC (investment management entity). Foundation assets: $11.9M.",0.9,990pf,"Cross-channel surname match: 'Harrington' appears in both 990-PF (IRS private foundation filing, family surname in name) and SEC 13F filer name. Two independent sources: IRS (family foundation) + SEC (investment management entity). Foundation assets: $11.9M.",105 FREMONT AVE STE A,Los Altos,CA,United States,11913045,verified,"IRS Form 990-PF, Part I (revenue/assets summary)",ProPublica /organizations/{ein}.json financial summary field,2026-07-28,Thomas,Harrington,President,,,could_not_verify,,Not available in IRS 990-PF or SEC 13F filings; requires website scrape or LinkedIn,,could_not_verify,,Not available in IRS 990-PF or SEC 13F filings; requires website scrape or LinkedIn,,,,,,,
sec-ca-000106079-Tarbox-Family-Office--Inc--1f5e15db,"Tarbox Family Office, Inc.",single_family_office,"IAPD verified (score=3): family_in_other_names: ['TARBOX FAMILY OFFICE, INC.'], relying_advisor_count: 0, family_in_firm_name: TARBOX FAMILY OFFICE, INC.. 13F-HR: 107 holdings, $601.6M AUM. Concentrated portfolio + IAPD metadata = two signals.",0.75,sec_edgar,"IAPD verified (score=3): family_in_other_names: ['TARBOX FAMILY OFFICE, INC.'], relying_advisor_count: 0, family_in_firm_name: TARBOX FAMILY OFFICE, INC.. 13F-HR: 107 holdings, $601.6M AUM. Concentrated portfolio + IAPD metadata = two signals.",500 NEWPORT CENTER DRIVE SUITE 500,NEWPORT BEACH,CA,United States,601612418,verified,"SEC Form 13F-HR, INFOTABLE VALUE column sum",Aggregated across all 13F-HR filings for firm; VALUE in dollars (post-Jan 2023),2026-07-28,,,,,,could_not_verify,,Not available in IRS 990-PF or SEC 13F filings; requires website scrape or LinkedIn,,could_not_verify,,Not available in IRS 990-PF or SEC 13F filings; requires website scrape or LinkedIn,,,,,,,
sec-ca-000172087-Archvest-Wealth-Advisors--Inc--acd2428a,"Archvest Wealth Advisors, Inc.",single_family_office,"IAPD verified (score=2): family_in_other_names: ['ARCHVEST FAMILY OFFICE SERVICES'], relying_advisor_count: 0. 13F-HR: 63 holdings, $120.9M AUM. Concentrated portfolio + IAPD metadata = two signals.",0.75,sec_edgar,"IAPD verified (score=2): family_in_other_names: ['ARCHVEST FAMILY OFFICE SERVICES'], relying_advisor_count: 0. 13F-HR: 63 holdings, $120.9M AUM. Concentrated portfolio + IAPD metadata = two signals.",1390 WILLOW PASS ROAD,CONCORD,CA,United States,120851586,verified,"SEC Form 13F-HR, INFOTABLE VALUE column sum",Aggregated across all 13F-HR filings for firm; VALUE in dollars (post-Jan 2023),2026-07-28,,,,,,could_not_verify,,Not available in IRS 990-PF or SEC 13F filings; requires website scrape or LinkedIn,,could_not_verify,,Not available in IRS 990-PF or SEC 13F filings; requires website scrape or LinkedIn,,,,,,,
990pf-CA-943100217-86bcac82,Conrad N Hilton Foundation,single_family_office,"990-PF-only Tier 2: shared surname 'MCAULIFFE'. Investment/treasury officer present. Distinctive surname (appears in 3 foundations). Foundation assets: $7099.7M. Single source (IRS only), lower confidence tier.",0.65,990pf,"990-PF-only Tier 2: shared surname 'MCAULIFFE'. Investment/treasury officer present. Distinctive surname (appears in 3 foundations). Foundation assets: $7099.7M. Single source (IRS only), lower confidence tier.",1 DOLE DR,Westlake Vlg,CA,United States,7099706570,verified,"IRS Form 990-PF, Part I (revenue/assets summary)",ProPublica /organizations/{ein}.json financial summary field,2026-07-28,Hawley,Mcauliffe,Chairman,,,could_not_verify,,Not available in IRS 990-PF or SEC 13F filings; requires website scrape or LinkedIn,,could_not_verify,,Not available in IRS 990-PF or SEC 13F filings; requires website scrape or LinkedIn,,,,,,,
990pf-CA-954523232-4a660faa,The California Endowment,single_family_office,"990-PF-only Tier 2: shared surname 'FLORES'. Investment/treasury officer present. Distinctive surname (appears in 2 foundations). Foundation assets: $4318.8M. Single source (IRS only), lower confidence tier.",0.65,990pf,"990-PF-only Tier 2: shared surname 'FLORES'. Investment/treasury officer present. Distinctive surname (appears in 2 foundations). Foundation assets: $4318.8M. Single source (IRS only), lower confidence tier.",1000 N ALAMEDA ST,Los Angeles,CA,United States,4318845356,verified,"IRS Form 990-PF, Part I (revenue/assets summary)",ProPublica /organizations/{ein}.json financial summary field,2026-07-28,Robert,Ross,President/Ceo,,,could_not_verify,,Not available in IRS 990-PF or SEC 13F filings; requires website scrape or LinkedIn,,could_not_verify,,Not available in IRS 990-PF or SEC 13F filings; requires website scrape or LinkedIn,,,,,,,
990pf-CA-472107200-54c06dcb,Sergey Brin Family Foundation,single_family_office,"990-PF-only Tier 2: shared surname 'BRIN' + 'Family' in foundation name. Investment/treasury officer present. Distinctive surname (appears in 2 foundations). Foundation assets: $4070.4M. Single source (IRS only), lower confidence tier.",0.65,990pf,"990-PF-only Tier 2: shared surname 'BRIN' + 'Family' in foundation name. Investment/treasury officer present. Distinctive surname (appears in 2 foundations). Foundation assets: $4070.4M. Single source (IRS only), lower confidence tier.",1660 BUSH STREET 300,San Francisco,CA,United States,4070439070,verified,"IRS Form 990-PF, Part I (revenue/assets summary)",ProPublica /organizations/{ein}.json financial summary field,2026-07-28,Sergey,Brin,Director & President,,,could_not_verify,,Not available in IRS 990-PF or SEC 13F filings; requires website scrape or LinkedIn,,could_not_verify,,Not available in IRS 990-PF or SEC 13F filings; requires website scrape or LinkedIn,,,,,,,
990pf-CA-813242506-6f86aba7,Waverley Street Foundation,single_family_office,"990-PF-only Tier 2: shared surname 'JOBS'. Investment/treasury officer present. Distinctive surname (appears in 2 foundations). Foundation assets: $2784.0M. Single source (IRS only), lower confidence tier.",0.65,990pf,"990-PF-only Tier 2: shared surname 'JOBS'. Investment/treasury officer present. Distinctive surname (appears in 2 foundations). Foundation assets: $2784.0M. Single source (IRS only), lower confidence tier.",3000 EL CAMINO REAL STE 2-1000,Palo Alto,CA,United States,2783969793,verified,"IRS Form 990-PF, Part I (revenue/assets summary)",ProPublica /organizations/{ein}.json financial summary field,2026-07-28,Jared,Blumenfeld,President,,,could_not_verify,,Not available in IRS 990-PF or SEC 13F filings; requires website scrape or LinkedIn,,could_not_verify,,Not available in IRS 990-PF or SEC 13F filings; requires website scrape or LinkedIn,,,,,,,
990pf-CA-942949602-5710371c,Gerson Bakar Foundation,single_family_office,"990-PF-only Tier 2: shared surname 'BAKAR'. Investment/treasury officer present. Distinctive surname (appears in 3 foundations). Foundation assets: $2455.7M. Single source (IRS only), lower confidence tier.",0.65,990pf,"990-PF-only Tier 2: shared surname 'BAKAR'. Investment/treasury officer present. Distinctive surname (appears in 3 foundations). Foundation assets: $2455.7M. Single source (IRS only), lower confidence tier.",201 FILBERT ST STE 400,San Francisco,CA,United States,2455727032,verified,"IRS Form 990-PF, Part I (revenue/assets summary)",ProPublica /organizations/{ein}.json financial summary field,2026-07-28,Barbara,Bakar,Chair/President/Director,,,could_not_verify,,Not available in IRS 990-PF or SEC 13F filings; requires website scrape or LinkedIn,,could_not_verify,,Not available in IRS 990-PF or SEC 13F filings; requires website scrape or LinkedIn,,,,,,,
990pf-CA-475446562-b616b9fd,Koum Family Foundation,single_family_office,"990-PF-only Tier 2: 'Family' in foundation name. Investment/treasury officer present. Distinctive surname (appears in 0 foundations). Foundation assets: $2328.7M. Single source (IRS only), lower confidence tier.",0.65,990pf,"990-PF-only Tier 2: 'Family' in foundation name. Investment/treasury officer present. Distinctive surname (appears in 0 foundations). Foundation assets: $2328.7M. Single source (IRS only), lower confidence tier.",1801 PAGE MILL RD STE 100,Palo Alto,CA,United States,2328710419,verified,"IRS Form 990-PF, Part I (revenue/assets summary)",ProPublica /organizations/{ein}.json financial summary field,2026-07-28,Jan,Koum,Director,,,could_not_verify,,Not available in IRS 990-PF or SEC 13F filings; requires website scrape or LinkedIn,,could_not_verify,,Not available in IRS 990-PF or SEC 13F filings; requires website scrape or LinkedIn,,,,,,,
990pf-CA-956092354-2d3e5d14,W M Keck Foundation,single_family_office,"990-PF-only Tier 2: shared surname 'KECK'. Investment/treasury officer present. Distinctive surname (appears in 3 foundations). Foundation assets: $1550.1M. Single source (IRS only), lower confidence tier.",0.65,990pf,"990-PF-only Tier 2: shared surname 'KECK'. Investment/treasury officer present. Distinctive surname (appears in 3 foundations). Foundation assets: $1550.1M. Single source (IRS only), lower confidence tier.",515 S FLOWER ST STE 800,Los Angeles,CA,United States,1550102225,verified,"IRS Form 990-PF, Part I (revenue/assets summary)",ProPublica /organizations/{ein}.json financial summary field,2026-07-28,Brighton,Keck,Member/Director,,,could_not_verify,,Not available in IRS 990-PF or SEC 13F filings; requires website scrape or LinkedIn,,could_not_verify,,Not available in IRS 990-PF or SEC 13F filings; requires website scrape or LinkedIn,,,,,,,
990pf-CA-956089998-1700165c,The Ahmanson Foundation,single_family_office,"990-PF-only Tier 2: shared surname 'AHMANSON'. Investment/treasury officer present. Distinctive surname (appears in 2 foundations). Foundation assets: $1198.6M. Single source (IRS only), lower confidence tier.",0.65,990pf,"990-PF-only Tier 2: shared surname 'AHMANSON'. Investment/treasury officer present. Distinctive surname (appears in 2 foundations). Foundation assets: $1198.6M. Single source (IRS only), lower confidence tier.",9215 WILSHIRE BLVD,Beverly Hills,CA,United States,1198575686,verified,"IRS Form 990-PF, Part I (revenue/assets summary)",ProPublica /organizations/{ein}.json financial summary field,2026-07-28,William,Ahmanson,Trustee/Pres.,,,could_not_verify,,Not available in IRS 990-PF or SEC 13F filings; requires website scrape or LinkedIn,,could_not_verify,,Not available in IRS 990-PF or SEC 13F filings; requires website scrape or LinkedIn,,,,,,,
990pf-CA-203940983-ef1141ce,Hobson Lucas Family Foundation,single_family_office,"990-PF-only Tier 2: 'Family' in foundation name. Investment/treasury officer present. Distinctive surname (appears in 0 foundations). Foundation assets: $1177.1M. Single source (IRS only), lower confidence tier.",0.65,990pf,"990-PF-only Tier 2: 'Family' in foundation name. Investment/treasury officer present. Distinctive surname (appears in 0 foundations). Foundation assets: $1177.1M. Single source (IRS only), lower confidence tier.",PO BOX 2009,San Rafael,CA,United States,1177109011,verified,"IRS Form 990-PF, Part I (revenue/assets summary)",ProPublica /organizations/{ein}.json financial summary field,2026-07-28,George,Lucas,President/Director,,,could_not_verify,,Not available in IRS 990-PF or SEC 13F filings; requires website scrape or LinkedIn,,could_not_verify,,Not available in IRS 990-PF or SEC 13F filings; requires website scrape or LinkedIn,,,,,,,
990pf-CA-943380194-663da49f,Skyline Foundation,single_family_office,"990-PF-only Tier 2: shared surname 'FILO'. Investment/treasury officer present. Distinctive surname (appears in 2 foundations). Foundation assets: $1046.9M. Single source (IRS only), lower confidence tier.",0.65,990pf,"990-PF-only Tier 2: shared surname 'FILO'. Investment/treasury officer present. Distinctive surname (appears in 2 foundations). Foundation assets: $1046.9M. Single source (IRS only), lower confidence tier.",1660 BUSH STREET 300,San Francisco,CA,United States,1046937741,verified,"IRS Form 990-PF, Part I (revenue/assets summary)",ProPublica /organizations/{ein}.json financial summary field,2026-07-28,David,Filo,President,,,could_not_verify,,Not available in IRS 990-PF or SEC 13F filings; requires website scrape or LinkedIn,,could_not_verify,,Not available in IRS 990-PF or SEC 13F filings; requires website scrape or LinkedIn,,,,,,,
990pf-CA-770348912-52e1384c,Sobrato Family Foundation,single_family_office,"990-PF-only Tier 2: shared surname 'SONSINI' + 'Family' in foundation name. Investment/treasury officer present. Distinctive surname (appears in 2 foundations). Foundation assets: $876.7M. Single source (IRS only), lower confidence tier.",0.65,990pf,"990-PF-only Tier 2: shared surname 'SONSINI' + 'Family' in foundation name. Investment/treasury officer present. Distinctive surname (appears in 2 foundations). Foundation assets: $876.7M. Single source (IRS only), lower confidence tier.",599 CASTRO ST STE 400,Mountain View,CA,United States,876730998,verified,"IRS Form 990-PF, Part I (revenue/assets summary)",ProPublica /organizations/{ein}.json financial summary field,2026-07-28,John,Sobrato,Chair Emeritus,,,could_not_verify,,Not available in IRS 990-PF or SEC 13F filings; requires website scrape or LinkedIn,,could_not_verify,,Not available in IRS 990-PF or SEC 13F filings; requires website scrape or LinkedIn,,,,,,,
990pf-CA-260799587-2fb81049,The Heising-simons Foundation,single_family_office,"990-PF-only Tier 2: shared surname 'HEISING'. Investment/treasury officer present. Distinctive surname (appears in 2 foundations). Foundation assets: $872.1M. Single source (IRS only), lower confidence tier.",0.65,990pf,"990-PF-only Tier 2: shared surname 'HEISING'. Investment/treasury officer present. Distinctive surname (appears in 2 foundations). Foundation assets: $872.1M. Single source (IRS only), lower confidence tier.",400 MAIN ST STE 200,Los Altos,CA,United States,872096521,verified,"IRS Form 990-PF, Part I (revenue/assets summary)",ProPublica /organizations/{ein}.json financial summary field,2026-07-28,Elizabeth,Simons,Chair Of The Board,,,could_not_verify,,Not available in IRS 990-PF or SEC 13F filings; requires website scrape or LinkedIn,,could_not_verify,,Not available in IRS 990-PF or SEC 13F filings; requires website scrape or LinkedIn,,,,,,,
990pf-CA-450607892-347e4d2c,Perenchio Foundation,single_family_office,"990-PF-only Tier 2: shared surname 'PERENCHIO'. Investment/treasury officer present. Distinctive surname (appears in 2 foundations). Foundation assets: $725.1M. Single source (IRS only), lower confidence tier.",0.65,990pf,"990-PF-only Tier 2: shared surname 'PERENCHIO'. Investment/treasury officer present. Distinctive surname (appears in 2 foundations). Foundation assets: $725.1M. Single source (IRS only), lower confidence tier.",800 E COLORADO BLVD STE 840,Pasadena,CA,United States,725093242,verified,"IRS Form 990-PF, Part I (revenue/assets summary)",ProPublica /organizations/{ein}.json financial summary field,2026-07-28,Robin,Perenchio,President/Director,,,could_not_verify,,Not available in IRS 990-PF or SEC 13F filings; requires website scrape or LinkedIn,,could_not_verify,,Not available in IRS 990-PF or SEC 13F filings; requires website scrape or LinkedIn,,,,,,,
990pf-CA-462014396-61248b6a,John H And Regina K Scully Foundation,single_family_office,"990-PF-only Tier 2: shared surname 'Scully'. Investment/treasury officer present. Distinctive surname (appears in 3 foundations). Foundation assets: $681.2M. Single source (IRS only), lower confidence tier.",0.65,990pf,"990-PF-only Tier 2: shared surname 'Scully'. Investment/treasury officer present. Distinctive surname (appears in 3 foundations). Foundation assets: $681.2M. Single source (IRS only), lower confidence tier.",PO BOX 6106,San Rafael,CA,United States,681185847,verified,"IRS Form 990-PF, Part I (revenue/assets summary)",ProPublica /organizations/{ein}.json financial summary field,2026-07-28,Regina,Scully,Cfo/Dir,,,could_not_verify,,Not available in IRS 990-PF or SEC 13F filings; requires website scrape or LinkedIn,,could_not_verify,,Not available in IRS 990-PF or SEC 13F filings; requires website scrape or LinkedIn,,,,,,,
990pf-CA-256774871-84d7e4b9,Annenberg Foundation Trust At Sunnylands,single_family_office,"990-PF-only Tier 2: shared surname 'DESHONG'. Investment/treasury officer present. Distinctive surname (appears in 3 foundations). Foundation assets: $613.4M. Single source (IRS only), lower confidence tier.",0.65,990pf,"990-PF-only Tier 2: shared surname 'DESHONG'. Investment/treasury officer present. Distinctive surname (appears in 3 foundations). Foundation assets: $613.4M. Single source (IRS only), lower confidence tier.",37977 BOB HOPE DR,Rancho Mirage,CA,United States,613405991,verified,"IRS Form 990-PF, Part I (revenue/assets summary)",ProPublica /organizations/{ein}.json financial summary field,2026-07-28,Wallis,Annenberg,Trustee,,,could_not_verify,,Not available in IRS 990-PF or SEC 13F filings; requires website scrape or LinkedIn,,could_not_verify,,Not available in IRS 990-PF or SEC 13F filings; requires website scrape or LinkedIn,,,,,,,
990pf-CA-200882784-9fad7d4c,Elbridge Stuart Foundation,single_family_office,"990-PF-only Tier 2: shared surname 'STUART'. Investment/treasury officer present. Distinctive surname (appears in 3 foundations). Foundation assets: $518.1M. Single source (IRS only), lower confidence tier.",0.65,990pf,"990-PF-only Tier 2: shared surname 'STUART'. Investment/treasury officer present. Distinctive surname (appears in 3 foundations). Foundation assets: $518.1M. Single source (IRS only), lower confidence tier.",500 WASHINGTON ST 8TH FL,San Francisco,CA,United States,518066379,verified,"IRS Form 990-PF, Part I (revenue/assets summary)",ProPublica /organizations/{ein}.json financial summary field,2026-07-28,Dwight,Stuart,Chair & Dir.,,,could_not_verify,,Not available in IRS 990-PF or SEC 13F filings; requires website scrape or LinkedIn,,could_not_verify,,Not available in IRS 990-PF or SEC 13F filings; requires website scrape or LinkedIn,,,,,,,
990pf-CA-943165171-779cbe88,Tosa Foundation,single_family_office,"990-PF-only Tier 2: shared surname 'MORGRIDGE'. Investment/treasury officer present. Distinctive surname (appears in 3 foundations). Foundation assets: $481.4M. Single source (IRS only), lower confidence tier.",0.65,990pf,"990-PF-only Tier 2: shared surname 'MORGRIDGE'. Investment/treasury officer present. Distinctive surname (appears in 3 foundations). Foundation assets: $481.4M. Single source (IRS only), lower confidence tier.",3130 ALPINE RD STE 288 PMB 705,Portola Vally,CA,United States,481360708,verified,"IRS Form 990-PF, Part I (revenue/assets summary)",ProPublica /organizations/{ein}.json financial summary field,2026-07-28,Tashia,Morgridge,Director/Pres,,,could_not_verify,,Not available in IRS 990-PF or SEC 13F filings; requires website scrape or LinkedIn,,could_not_verify,,Not available in IRS 990-PF or SEC 13F filings; requires website scrape or LinkedIn,,,,,,,
990pf-CA-465129465-3f7a73db,Price Philanthropies Foundation,single_family_office,"990-PF-only Tier 2: shared surname 'PRICE'. Investment/treasury officer present. Distinctive surname (appears in 3 foundations). Foundation assets: $470.6M. Single source (IRS only), lower confidence tier.",0.65,990pf,"990-PF-only Tier 2: shared surname 'PRICE'. Investment/treasury officer present. Distinctive surname (appears in 3 foundations). Foundation assets: $470.6M. Single source (IRS only), lower confidence tier.",7777 FAY AVE STE 300,La Jolla,CA,United States,470624292,verified,"IRS Form 990-PF, Part I (revenue/assets summary)",ProPublica /organizations/{ein}.json financial summary field,2026-07-28,Jennette,Shay,Vice President - Grant Making,,,could_not_verify,,Not available in IRS 990-PF or SEC 13F filings; requires website scrape or LinkedIn,,could_not_verify,,Not available in IRS 990-PF or SEC 13F filings; requires website scrape or LinkedIn,,,,,,,
990pf-CA-946068932-2923e30e,Evelyn And Walter Haas Jr Fund,single_family_office,"990-PF-only Tier 2: shared surname 'EISENHARDT'. Investment/treasury officer present. Distinctive surname (appears in 3 foundations). Foundation assets: $469.1M. Single source (IRS only), lower confidence tier.",0.65,990pf,"990-PF-only Tier 2: shared surname 'EISENHARDT'. Investment/treasury officer present. Distinctive surname (appears in 3 foundations). Foundation assets: $469.1M. Single source (IRS only), lower confidence tier.",450 SANSOME ST,San Francisco,CA,United States,469121844,verified,"IRS Form 990-PF, Part I (revenue/assets summary)",ProPublica /organizations/{ein}.json financial summary field,2026-07-28,Cathy,Cha,President And Ceo,,,could_not_verify,,Not available in IRS 990-PF or SEC 13F filings; requires website scrape or LinkedIn,,could_not_verify,,Not available in IRS 990-PF or SEC 13F filings; requires website scrape or LinkedIn,,,,,,,
990pf-CA-954016320-2d0e81b3,The Hearthland Foundation,single_family_office,"990-PF-only Tier 2: shared surname 'SPIELBERG'. Investment/treasury officer present. Distinctive surname (appears in 3 foundations). Foundation assets: $449.5M. Single source (IRS only), lower confidence tier.",0.65,990pf,"990-PF-only Tier 2: shared surname 'SPIELBERG'. Investment/treasury officer present. Distinctive surname (appears in 3 foundations). Foundation assets: $449.5M. Single source (IRS only), lower confidence tier.",11400 W OLYMPIC BLVD STE 550,Los Angeles,CA,United States,449478631,verified,"IRS Form 990-PF, Part I (revenue/assets summary)",ProPublica /organizations/{ein}.json financial summary field,2026-07-28,Gerald,Breslauer,"President, Director",,,could_not_verify,,Not available in IRS 990-PF or SEC 13F filings; requires website scrape or LinkedIn,,could_not_verify,,Not available in IRS 990-PF or SEC 13F filings; requires website scrape or LinkedIn,,,,,,,
990pf-CA-834574297-23d24466,Jeff And Marieke Rothschild Foundation,single_family_office,"990-PF-only Tier 2: shared surname 'ROTHSCHILD'. Investment/treasury officer present. Distinctive surname (appears in 2 foundations). Foundation assets: $381.2M. Single source (IRS only), lower confidence tier.",0.65,990pf,"990-PF-only Tier 2: shared surname 'ROTHSCHILD'. Investment/treasury officer present. Distinctive surname (appears in 2 foundations). Foundation assets: $381.2M. Single source (IRS only), lower confidence tier.",314 LYTTON AVE,Palo Alto,CA,United States,381220091,verified,"IRS Form 990-PF, Part I (revenue/assets summary)",ProPublica /organizations/{ein}.json financial summary field,2026-07-28,Jeff,Rothschild,Co-President/Director,,,could_not_verify,,Not available in IRS 990-PF or SEC 13F filings; requires website scrape or LinkedIn,,could_not_verify,,Not available in IRS 990-PF or SEC 13F filings; requires website scrape or LinkedIn,,,,,,,
990pf-CA-770150580-ad6fc43e,Monterey Bay Aquarium Research Institute,single_family_office,"990-PF-only Tier 2: shared surname 'Burnett'. Investment/treasury officer present. Distinctive surname (appears in 2 foundations). Foundation assets: $260.4M. Single source (IRS only), lower confidence tier.",0.65,990pf,"990-PF-only Tier 2: shared surname 'Burnett'. Investment/treasury officer present. Distinctive surname (appears in 2 foundations). Foundation assets: $260.4M. Single source (IRS only), lower confidence tier.",7700 SANDHOLDT RD,Moss Landing,CA,United States,260415595,verified,"IRS Form 990-PF, Part I (revenue/assets summary)",ProPublica /organizations/{ein}.json financial summary field,2026-07-28,Dr,Scholin,President & Ceo,,,could_not_verify,,Not available in IRS 990-PF or SEC 13F filings; requires website scrape or LinkedIn,,could_not_verify,,Not available in IRS 990-PF or SEC 13F filings; requires website scrape or LinkedIn,,,,,,,
990pf-CA-943362163-c9459072,The Duffield Family Foundation,single_family_office,"990-PF-only Tier 2: 'Family' in foundation name. Investment/treasury officer present. Distinctive surname (appears in 0 foundations). Foundation assets: $260.0M. Single source (IRS only), lower confidence tier.",0.65,990pf,"990-PF-only Tier 2: 'Family' in foundation name. Investment/treasury officer present. Distinctive surname (appears in 0 foundations). Foundation assets: $260.0M. Single source (IRS only), lower confidence tier.",6150 STONERIDGE MALL RD STE 125,Pleasanton,CA,United States,259973566,verified,"IRS Form 990-PF, Part I (revenue/assets summary)",ProPublica /organizations/{ein}.json financial summary field,2026-07-28,Michael,Duffield,Board Member,,,could_not_verify,,Not available in IRS 990-PF or SEC 13F filings; requires website scrape or LinkedIn,,could_not_verify,,Not available in IRS 990-PF or SEC 13F filings; requires website scrape or LinkedIn,,,,,,,
990pf-CA-680204312-1fcdcfa4,Making Waves Foundation Inc,single_family_office,"990-PF-only Tier 2: shared surname 'SCULLY'. Investment/treasury officer present. Distinctive surname (appears in 2 foundations). Foundation assets: $252.0M. Single source (IRS only), lower confidence tier.",0.65,990pf,"990-PF-only Tier 2: shared surname 'SCULLY'. Investment/treasury officer present. Distinctive surname (appears in 2 foundations). Foundation assets: $252.0M. Single source (IRS only), lower confidence tier.",4123 LAKESIDE DR,San Pablo,CA,United States,252006095,verified,"IRS Form 990-PF, Part I (revenue/assets summary)",ProPublica /organizations/{ein}.json financial summary field,2026-07-28,John,Scully,Chairman,,,could_not_verify,,Not available in IRS 990-PF or SEC 13F filings; requires website scrape or LinkedIn,,could_not_verify,,Not available in IRS 990-PF or SEC 13F filings; requires website scrape or LinkedIn,,,,,,,
990pf-CA-813945624-c5f9cde6,Helen And Sanford Diller Family Foundation,single_family_office,"990-PF-only Tier 2: 'Family' in foundation name. Investment/treasury officer present. Distinctive surname (appears in 0 foundations). Foundation assets: $244.8M. Single source (IRS only), lower confidence tier.",0.65,990pf,"990-PF-only Tier 2: 'Family' in foundation name. Investment/treasury officer present. Distinctive surname (appears in 0 foundations). Foundation assets: $244.8M. Single source (IRS only), lower confidence tier.",1 N B ST STE 4000,San Mateo,CA,United States,244849988,verified,"IRS Form 990-PF, Part I (revenue/assets summary)",ProPublica /organizations/{ein}.json financial summary field,2026-07-28,Jaclyn,Safier,President,,,could_not_verify,,Not available in IRS 990-PF or SEC 13F filings; requires website scrape or LinkedIn,,could_not_verify,,Not available in IRS 990-PF or SEC 13F filings; requires website scrape or LinkedIn,,,,,,,
990pf-CA-201914298-d8e2e718,Dhanam Foundation,single_family_office,"990-PF-only Tier 2: shared surname 'SHRIRAM'. Investment/treasury officer present. Distinctive surname (appears in 2 foundations). Foundation assets: $243.3M. Single source (IRS only), lower confidence tier.",0.65,990pf,"990-PF-only Tier 2: shared surname 'SHRIRAM'. Investment/treasury officer present. Distinctive surname (appears in 2 foundations). Foundation assets: $243.3M. Single source (IRS only), lower confidence tier.",3000 EL CAMINO REAL STE 2-1000,Palo Alto,CA,United States,243311563,verified,"IRS Form 990-PF, Part I (revenue/assets summary)",ProPublica /organizations/{ein}.json financial summary field,2026-07-28,Kavitark,Shriram,President,,,could_not_verify,,Not available in IRS 990-PF or SEC 13F filings; requires website scrape or LinkedIn,,could_not_verify,,Not available in IRS 990-PF or SEC 13F filings; requires website scrape or LinkedIn,,,,,,,
990pf-CA-770443347-014c30d1,Cisco Systems Foundation,single_family_office,"990-PF-only Tier 2: shared surname '92022'. Investment/treasury officer present. Distinctive surname (appears in 2 foundations). Foundation assets: $229.8M. Single source (IRS only), lower confidence tier.",0.65,990pf,"990-PF-only Tier 2: shared surname '92022'. Investment/treasury officer present. Distinctive surname (appears in 2 foundations). Foundation assets: $229.8M. Single source (IRS only), lower confidence tier.",170 W TASMAN DR,San Jose,CA,United States,229806533,verified,"IRS Form 990-PF, Part I (revenue/assets summary)",ProPublica /organizations/{ein}.json financial summary field,2026-07-28,John,Morgridge,Trustee/Pres.,,,could_not_verify,,Not available in IRS 990-PF or SEC 13F filings; requires website scrape or LinkedIn,,could_not_verify,,Not available in IRS 990-PF or SEC 13F filings; requires website scrape or LinkedIn,,,,,,,
990pf-CA-200527223-0c71de99,Merkin Family Foundation,single_family_office,"990-PF-only Tier 2: 'Family' in foundation name. Investment/treasury officer present. Distinctive surname (appears in 0 foundations). Foundation assets: $228.7M. Single source (IRS only), lower confidence tier.",0.65,990pf,"990-PF-only Tier 2: 'Family' in foundation name. Investment/treasury officer present. Distinctive surname (appears in 0 foundations). Foundation assets: $228.7M. Single source (IRS only), lower confidence tier.",3115 OCEAN FRONT WALK APT 301,Marina Dl Rey,CA,United States,228694990,verified,"IRS Form 990-PF, Part I (revenue/assets summary)",ProPublica /organizations/{ein}.json financial summary field,2026-07-28,Richard,Merkin,President,,,could_not_verify,,Not available in IRS 990-PF or SEC 13F filings; requires website scrape or LinkedIn,,could_not_verify,,Not available in IRS 990-PF or SEC 13F filings; requires website scrape or LinkedIn,,,,,,,
990pf-CA-770456449-818565c0,The 1440 Foundation,single_family_office,"990-PF-only Tier 2: shared surname 'KRIENS'. Investment/treasury officer present. Distinctive surname (appears in 2 foundations). Foundation assets: $226.8M. Single source (IRS only), lower confidence tier.",0.65,990pf,"990-PF-only Tier 2: shared surname 'KRIENS'. Investment/treasury officer present. Distinctive surname (appears in 2 foundations). Foundation assets: $226.8M. Single source (IRS only), lower confidence tier.",PO BOX 3141,Saratoga,CA,United States,226837472,verified,"IRS Form 990-PF, Part I (revenue/assets summary)",ProPublica /organizations/{ein}.json financial summary field,2026-07-28,Joan,Kriens,President,,,could_not_verify,,Not available in IRS 990-PF or SEC 13F filings; requires website scrape or LinkedIn,,could_not_verify,,Not available in IRS 990-PF or SEC 13F filings; requires website scrape or LinkedIn,,,,,,,
990pf-CA-954624483-efedb8ed,Helen And Will Webster Foundation,single_family_office,"990-PF-only Tier 2: shared surname 'WEBSTER'. Investment/treasury officer present. Distinctive surname (appears in 3 foundations). Foundation assets: $224.5M. Single source (IRS only), lower confidence tier.",0.65,990pf,"990-PF-only Tier 2: shared surname 'WEBSTER'. Investment/treasury officer present. Distinctive surname (appears in 3 foundations). Foundation assets: $224.5M. Single source (IRS only), lower confidence tier.",41 E FOOTHILL BLVD,Arcadia,CA,United States,224485668,verified,"IRS Form 990-PF, Part I (revenue/assets summary)",ProPublica /organizations/{ein}.json financial summary field,2026-07-28,Alec,Webster,President,,,could_not_verify,,Not available in IRS 990-PF or SEC 13F filings; requires website scrape or LinkedIn,,could_not_verify,,Not available in IRS 990-PF or SEC 13F filings; requires website scrape or LinkedIn,,,,,,,
990pf-CA-954769888-e0fd1b84,Chuck Lorre Family Foundation,single_family_office,"990-PF-only Tier 2: 'Family' in foundation name. Investment/treasury officer present. Distinctive surname (appears in 0 foundations). Foundation assets: $223.4M. Single source (IRS only), lower confidence tier.",0.65,990pf,"990-PF-only Tier 2: 'Family' in foundation name. Investment/treasury officer present. Distinctive surname (appears in 0 foundations). Foundation assets: $223.4M. Single source (IRS only), lower confidence tier.",1880 CENTURY PARK E STE 950,Los Angeles,CA,United States,223372857,verified,"IRS Form 990-PF, Part I (revenue/assets summary)",ProPublica /organizations/{ein}.json financial summary field,2026-07-28,Charles,Lorre,Director & President,,,could_not_verify,,Not available in IRS 990-PF or SEC 13F filings; requires website scrape or LinkedIn,,could_not_verify,,Not available in IRS 990-PF or SEC 13F filings; requires website scrape or LinkedIn,,,,,,,
990pf-CA-832713007-519e08b4,Sandberg Goldberg Bernthal Family Charitable Foundation,single_family_office,"990-PF-only Tier 2: 'Family' in foundation name. Investment/treasury officer present. Distinctive surname (appears in 0 foundations). Foundation assets: $210.9M. Single source (IRS only), lower confidence tier.",0.65,990pf,"990-PF-only Tier 2: 'Family' in foundation name. Investment/treasury officer present. Distinctive surname (appears in 0 foundations). Foundation assets: $210.9M. Single source (IRS only), lower confidence tier.",548 MARKET ST PMB 38984,San Francisco,CA,United States,210879190,verified,"IRS Form 990-PF, Part I (revenue/assets summary)",ProPublica /organizations/{ein}.json financial summary field,2026-07-28,Thomas,Bernthal,Director,,,could_not_verify,,Not available in IRS 990-PF or SEC 13F filings; requires website scrape or LinkedIn,,could_not_verify,,Not available in IRS 990-PF or SEC 13F filings; requires website scrape or LinkedIn,,,,,,,
